﻿region_name,anomaly_count,avg_severity,municipalities_affected
Москва,1425,72.34919298245615,146
Свердловская область,600,65.52078333333334,68
Санкт-Петербург,557,70.86858168761222,99
Алтайский край,424,60.80950471698113,62
Смоленская область,366,65.62898907103825,27
Московская область,365,71.78432876712328,55
Костромская область,361,64.69218836565098,28
Нижегородская область,360,67.40830555555556,45
Калужская область,311,65.70273311897105,26
Республика Башкортостан,296,64.94057432432433,60
Псковская область,276,62.742753623188406,24
Новгородская область,275,60.57574545454546,22
Рязанская область,274,62.06021897810219,28
Республика Дагестан,273,67.34725274725274,11
Тверская область,272,60.49389705882353,35
Ивановская область,269,62.9849814126394,26
Волгоградская область,266,57.04518796992481,36
Тульская область,263,63.25114068441064,26
Орловская область,262,70.5686641221374,27
Челябинская область,258,65.04337209302325,38
Республика Северная Осетия — Алания,256,64.2240625,9
Красноярский край,246,65.85186991869918,53
Тамбовская область,225,73.9871111111111,24
Оренбургская область,218,61.35788990825688,40
Ставропольский край,214,70.21719626168225,25
Самарская область,209,64.73181818181818,37
Пермский край,204,73.30784313725489,34
Республика Татарстан,194,77.21273195876289,42
Кемеровская область,191,74.8079057591623,30
Саратовская область,186,55.59532258064516,40
Новосибирская область,184,62.09239130434783,34
Республика Саха (Якутия),181,56.18348066298342,34
Кировская область,177,66.67129943502825,33
Республика Мордовия,172,73.10244186046512,23
Владимирская область,164,69.27530487804877,19
Иркутская область,163,65.78907975460123,35
Липецкая область,158,72.47696202531645,19
Приморский край,157,63.58331210191083,29
Забайкальский край,145,58.26427586206896,31
Кабардино-Балкарская Республика,142,66.93352112676055,10
Ярославская область,140,73.19,19
Удмуртская Республика,137,90.57182481751825,21
Калининградская область,137,75.95226277372262,19
Чувашская Республика,131,79.89381679389314,22
Амурская область,125,70.14384,23
Пензенская область,121,59.814793388429756,25
Омская область,117,62.03709401709402,31
Республика Марий Эл,116,70.5675,16
Сахалинская область,108,70.02898148148148,17
Карачаево-Черкесская Республика,106,70.66707547169811,11
Архангельская область,103,70.94097087378641,21
Чукотский автономный округ,97,78.20690721649484,6
Тюменская область,94,59.882446808510636,25
Чеченская Республика,93,74.12150537634409,5
Ульяновская область,91,61.08835164835165,24
Ямало-Ненецкий автономный округ,89,72.2623595505618,13
Вологодская область,89,64.86842696629213,21
Республика Адыгея,89,72.94494382022472,9
Ленинградская область,84,67.11857142857143,18
Хабаровский край,84,69.73190476190476,17
Камчатский край,81,70.91753086419753,11
Астраханская область,72,69.62027777777777,11
Томская область,68,57.51573529411765,16
Республика Ингушетия,67,65.81268656716418,2
Республика Тыва,66,51.967121212121214,14
Ханты-Мансийский автономный округ — Югра,63,60.12746031746032,20
Курганская область,59,75.38610169491525,11
Республика Калмыкия,58,52.865172413793104,12
Республика Бурятия,57,60.12070175438597,16
Магаданская область,54,72.4074074074074,9
Республика Хакасия,53,61.32584905660377,12
Республика Коми,52,49.18173076923077,17
Еврейская автономная область,43,52.589069767441856,6
Республика Алтай,37,49.72351351351351,11
Республика Карелия,34,54.254705882352944,12
Мурманская область,24,65.35916666666667,6
Ненецкий автономный округ,7,38.07285714285714,2
