﻿territory_id,municipal_name,region_name,indicator,actual_value,expected_value,deviation_pct,severity_score,description
322,Жиганский,Республика Саха (Якутия),consumption_Здоровье,103.06,8.43,1121.96,100.0,consumption_Здоровье shows high volatility (std=103.06) compared to median (8.43). Range: 163.00 to 1633.00
1716,Знаменский,Орловская область,consumption_Общественное питание,167.66,12.62,1228.79,100.0,consumption_Общественное питание shows high volatility (std=167.66) compared to median (12.62). Range: 90.00 to 266.00
788,Дальнереченский,Приморский край,consumption_Общественное питание,1323.0,219.0,504.11,100.0,consumption_Общественное питание increased by 504.1% from 219.00 to 1323.00
344,Эвено-Бытантайский,Республика Саха (Якутия),consumption_Маркетплейсы,151.37,12.19,1141.85,100.0,consumption_Маркетплейсы shows high volatility (std=151.37) compared to median (12.19). Range: 425.00 to 2274.00
1720,Корсаковский,Орловская область,consumption_Общественное питание,158.07,12.62,1152.78,100.0,consumption_Общественное питание shows high volatility (std=158.07) compared to median (12.62). Range: 59.00 to 257.00
1850,Захаровский,Рязанская область,consumption_Общественное питание,309.0,45.0,586.67,100.0,consumption_Общественное питание increased by 586.7% from 45.00 to 309.00
1757,Пачелмский,Пензенская область,consumption_Общественное питание,199.0,51.0,290.2,90.0,consumption_Общественное питание trend reversed from negative to positive: current change 290.2%
691,Большеулуйский,Красноярский край,consumption_Общественное питание,301.0,72.0,318.06,90.0,consumption_Общественное питание increased by 318.1% from 72.00 to 301.00
322,Жиганский,Республика Саха (Якутия),consumption_Общественное питание,1890.0,458.0,312.66,90.0,consumption_Общественное питание increased by 312.7% from 458.00 to 1890.00
318,Верхнеколымский,Республика Саха (Якутия),consumption_Общественное питание,1432.0,339.0,322.42,90.0,consumption_Общественное питание increased by 322.4% from 339.00 to 1432.00
618,Карагинский,Камчатский край,consumption_Общественное питание,473.0,101.0,368.32,90.0,consumption_Общественное питание increased by 368.3% from 101.00 to 473.00
2271,Тереньгульский,Ульяновская область,consumption_Общественное питание,111.0,38.0,192.11,90.0,consumption_Общественное питание trend reversed from negative to positive: current change 192.1%
1060,Междуреченский,Вологодская область,consumption_Общественное питание,150.0,37.0,305.41,90.0,consumption_Общественное питание increased by 305.4% from 37.00 to 150.00
243,Усть-Цилемский,Республика Коми,consumption_Маркетплейсы,3879.0,1467.0,164.42,90.0,consumption_Маркетплейсы trend reversed from negative to positive: current change 164.4%
1789,Усвятский,Псковская область,consumption_Общественное питание,155.0,37.0,318.92,90.0,consumption_Общественное питание trend reversed from negative to positive: current change 318.9%
516,Баевский,Алтайский край,consumption_Общественное питание,107.0,49.0,118.37,90.0,consumption_Общественное питание trend reversed from negative to positive: current change 118.4%
1267,Богородский,Кировская область,consumption_Маркетплейсы,1545.0,308.0,401.62,90.0,consumption_Маркетплейсы increased by 401.6% from 308.00 to 1545.00
2256,Вешкаймский,Ульяновская область,consumption_Общественное питание,141.0,60.0,135.0,90.0,consumption_Общественное питание trend reversed from negative to positive: current change 135.0%
556,Солтонский,Алтайский край,consumption_Общественное питание,38.0,10.0,280.0,90.0,consumption_Общественное питание trend reversed from negative to positive: current change 280.0%
339,Усть-Алданский,Республика Саха (Якутия),consumption_Общественное питание,1021.0,350.0,191.71,90.0,consumption_Общественное питание trend reversed from negative to positive: current change 191.7%
311,Абыйский,Республика Саха (Якутия),consumption_Маркетплейсы,592.0,242.0,144.63,90.0,consumption_Маркетплейсы trend reversed from negative to positive: current change 144.6%
291,Большеигнатовский,Республика Мордовия,consumption_Общественное питание,88.0,202.0,-56.44,90.0,consumption_Общественное питание trend reversed from positive to negative: current change -56.4%
288,Атюрьевский,Республика Мордовия,consumption_Общественное питание,177.0,78.0,126.92,90.0,consumption_Общественное питание trend reversed from negative to positive: current change 126.9%
191,Юстинский,Республика Калмыкия,consumption_Общественное питание,250.0,49.0,410.2,90.0,consumption_Общественное питание trend reversed from negative to positive: current change 410.2%
1733,Шаблыкинский,Орловская область,consumption_Общественное питание,202.0,36.0,461.11,90.0,consumption_Общественное питание increased by 461.1% from 36.00 to 202.00
1964,Северо-Курильский,Сахалинская область,consumption_Транспорт,64.56,7.73,734.85,85.0,consumption_Транспорт shows high volatility (std=64.56) compared to median (7.73). Range: 293.00 to 1999.00
2346,Провиденский,Чукотский автономный округ,consumption_Здоровье,69.34,8.43,722.12,85.0,consumption_Здоровье shows high volatility (std=69.34) compared to median (8.43). Range: 220.00 to 1835.00
1579,Волотовский,Новгородская область,consumption_Общественное питание,106.65,12.62,745.22,85.0,consumption_Общественное питание shows high volatility (std=106.65) compared to median (12.62). Range: 46.00 to 368.00
311,Абыйский,Республика Саха (Якутия),consumption_Общественное питание,112.51,12.62,791.68,85.0,consumption_Общественное питание shows high volatility (std=112.51) compared to median (12.62). Range: 140.00 to 3155.00
344,Эвено-Бытантайский,Республика Саха (Якутия),consumption_Общественное питание,90.23,12.62,615.13,85.0,consumption_Общественное питание shows high volatility (std=90.23) compared to median (12.62). Range: 153.00 to 1631.00
620,Пенжинский,Камчатский край,consumption_Здоровье,61.79,8.43,632.55,85.0,consumption_Здоровье shows high volatility (std=61.79) compared to median (8.43). Range: 274.00 to 775.00
1729,Сосковский,Орловская область,consumption_Маркетплейсы,95.86,12.19,686.41,85.0,consumption_Маркетплейсы shows high volatility (std=95.86) compared to median (12.19). Range: 601.00 to 1167.00
1049,Белозерский,Вологодская область,consumption_Общественное питание,1439.0,467.0,208.14,80.0,consumption_Общественное питание increased by 208.1% from 467.00 to 1439.00
2091,Пичаевский,Тамбовская область,consumption_Общественное питание,174.0,50.0,248.0,80.0,consumption_Общественное питание increased by 248.0% from 50.00 to 174.00
556,Солтонский,Алтайский край,consumption_Маркетплейсы,1616.0,484.0,233.88,80.0,consumption_Маркетплейсы increased by 233.9% from 484.00 to 1616.00
1339,Звериноголовский,Курганская область,consumption_Общественное питание,462.0,146.0,216.44,80.0,consumption_Общественное питание increased by 216.4% from 146.00 to 462.00
319,Верхоянский,Республика Саха (Якутия),consumption_Общественное питание,1597.0,509.0,213.75,80.0,consumption_Общественное питание increased by 213.8% from 509.00 to 1597.00
1282,Нагорский,Кировская область,consumption_Маркетплейсы,954.0,286.0,233.57,80.0,consumption_Маркетплейсы increased by 233.6% from 286.00 to 954.00
699,Казачинский,Красноярский край,consumption_Общественное питание,666.0,185.0,260.0,80.0,consumption_Общественное питание increased by 260.0% from 185.00 to 666.00
2249,Шурышкарский,Ямало-Ненецкий автономный округ,consumption_Общественное питание,879.0,255.0,244.71,80.0,consumption_Общественное питание increased by 244.7% from 255.00 to 879.00
290,Большеберезниковский,Республика Мордовия,consumption_Общественное питание,248.0,76.0,226.32,80.0,consumption_Общественное питание increased by 226.3% from 76.00 to 248.00
2269,Старомайнский,Ульяновская область,consumption_Общественное питание,224.0,73.0,206.85,80.0,consumption_Общественное питание increased by 206.8% from 73.00 to 224.00
690,Большемуртинский,Красноярский край,consumption_Общественное питание,217.0,65.0,233.85,80.0,consumption_Общественное питание increased by 233.8% from 65.00 to 217.00
1122,Лухский,Ивановская область,consumption_Общественное питание,184.0,48.0,283.33,80.0,consumption_Общественное питание increased by 283.3% from 48.00 to 184.00
297,Кадошкинский,Республика Мордовия,consumption_Общественное питание,123.0,68.0,80.88,75.0,consumption_Общественное питание trend reversed from negative to positive: current change 80.9%
243,Усть-Цилемский,Республика Коми,consumption_Общественное питание,403.0,219.0,84.02,75.0,consumption_Общественное питание trend reversed from negative to positive: current change 84.0%
456,Боградский,Республика Хакасия,consumption_Общественное питание,200.0,109.0,83.49,75.0,consumption_Общественное питание trend reversed from negative to positive: current change 83.5%
100,Окинский,Республика Бурятия,consumption_Маркетплейсы,369.0,714.0,-48.32,75.0,consumption_Маркетплейсы trend reversed from positive to negative: current change -48.3%
313,Аллаиховский,Республика Саха (Якутия),consumption_Общественное питание,332.0,584.0,-43.15,75.0,consumption_Общественное питание trend reversed from positive to negative: current change -43.2%
519,Бурлинский,Алтайский край,consumption_Общественное питание,367.0,203.0,80.79,75.0,consumption_Общественное питание trend reversed from negative to positive: current change 80.8%
293,Ельниковский,Республика Мордовия,consumption_Общественное питание,159.0,83.0,91.57,75.0,consumption_Общественное питание trend reversed from negative to positive: current change 91.6%
295,Инсарский,Республика Мордовия,consumption_Общественное питание,253.0,122.0,107.38,75.0,consumption_Общественное питание trend reversed from negative to positive: current change 107.4%
186,Октябрьский,Республика Калмыкия,consumption_Общественное питание,317.0,149.0,112.75,75.0,consumption_Общественное питание trend reversed from negative to positive: current change 112.8%
186,Октябрьский,Республика Калмыкия,consumption_Здоровье,478.0,252.0,89.68,75.0,consumption_Здоровье trend reversed from negative to positive: current change 89.7%
2230,Березовский,Ханты-Мансийский автономный округ — Югра,consumption_Маркетплейсы,3118.0,1526.0,104.33,75.0,consumption_Маркетплейсы trend reversed from negative to positive: current change 104.3%
336,Сунтарский,Республика Саха (Якутия),consumption_Общественное питание,1038.0,482.0,115.35,75.0,consumption_Общественное питание trend reversed from negative to positive: current change 115.4%
2346,Провиденский,Чукотский автономный округ,consumption_Общественное питание,856.0,405.0,111.36,75.0,consumption_Общественное питание trend reversed from negative to positive: current change 111.4%
2273,Цильнинский,Ульяновская область,consumption_Общественное питание,197.0,121.0,62.81,75.0,consumption_Общественное питание trend reversed from negative to positive: current change 62.8%
1933,Лысогорский,Саратовская область,consumption_Общественное питание,132.0,71.0,85.92,75.0,consumption_Общественное питание trend reversed from negative to positive: current change 85.9%
335,Среднеколымский,Республика Саха (Якутия),consumption_Общественное питание,1178.0,540.0,118.15,75.0,consumption_Общественное питание trend reversed from negative to positive: current change 118.1%
2145,Кедровый,Томская область,consumption_Транспорт,504.0,298.0,69.13,75.0,consumption_Транспорт trend reversed from negative to positive: current change 69.1%
1741,Вадинский,Пензенская область,consumption_Общественное питание,74.0,286.0,-74.13,75.0,consumption_Общественное питание trend reversed from positive to negative: current change -74.1%
1763,Шемышейский,Пензенская область,consumption_Общественное питание,205.0,115.0,78.26,75.0,consumption_Общественное питание trend reversed from negative to positive: current change 78.3%
611,Быстринский,Камчатский край,consumption_Общественное питание,1156.0,542.0,113.28,75.0,consumption_Общественное питание trend reversed from negative to positive: current change 113.3%
341,Усть-Янский,Республика Саха (Якутия),consumption_Общественное питание,517.0,628.0,-17.68,75.0,consumption_Общественное питание trend reversed from positive to negative: current change -17.7%
558,Табунский,Алтайский край,consumption_Общественное питание,180.0,93.0,93.55,75.0,consumption_Общественное питание trend reversed from negative to positive: current change 93.5%
1322,Октябрьский,Костромская область,consumption_Общественное питание,124.0,350.0,-64.57,75.0,consumption_Общественное питание trend reversed from positive to negative: current change -64.6%
1718,Краснозоренский,Орловская область,consumption_Общественное питание,127.0,71.0,78.87,75.0,consumption_Общественное питание trend reversed from negative to positive: current change 78.9%
564,Тюменцевский,Алтайский край,consumption_Общественное питание,268.0,153.0,75.16,75.0,consumption_Общественное питание trend reversed from negative to positive: current change 75.2%
602,Шелопугинский,Забайкальский край,consumption_Маркетплейсы,843.0,1294.0,-34.85,75.0,consumption_Маркетплейсы trend reversed from positive to negative: current change -34.9%
1871,Чучковский,Рязанская область,consumption_Общественное питание,98.0,55.0,78.18,75.0,consumption_Общественное питание trend reversed from negative to positive: current change 78.2%
2022,Гаринский,Свердловская область,consumption_Маркетплейсы,2581.0,4238.0,-39.1,75.0,consumption_Маркетплейсы trend reversed from positive to negative: current change -39.1%
541,Новичихинский,Алтайский край,consumption_Общественное питание,141.0,83.0,69.88,75.0,consumption_Общественное питание trend reversed from negative to positive: current change 69.9%
858,Тугуро-Чумиканский,Хабаровский край,consumption_Здоровье,1582.0,761.0,107.88,75.0,consumption_Здоровье trend reversed from negative to positive: current change 107.9%
2266,Радищевский,Ульяновская область,consumption_Общественное питание,233.0,305.0,-23.61,75.0,consumption_Общественное питание trend reversed from positive to negative: current change -23.6%
316,Булунский,Республика Саха (Якутия),consumption_Транспорт,39.71,7.73,413.54,70.0,consumption_Транспорт shows high volatility (std=39.71) compared to median (7.73). Range: 202.00 to 2128.00
2346,Провиденский,Чукотский автономный округ,consumption_Транспорт,46.62,7.73,502.8,70.0,consumption_Транспорт shows high volatility (std=46.62) compared to median (7.73). Range: 271.00 to 1110.00
1576,Батецкий,Новгородская область,consumption_Общественное питание,65.96,12.62,422.72,70.0,consumption_Общественное питание shows high volatility (std=65.96) compared to median (12.62). Range: 127.00 to 512.00
313,Аллаиховский,Республика Саха (Якутия),consumption_Транспорт,49.54,7.73,540.54,70.0,consumption_Транспорт shows high volatility (std=49.54) compared to median (7.73). Range: 646.00 to 2068.00
340,Усть-Майский,Республика Саха (Якутия),consumption_Здоровье,49.19,8.43,483.23,70.0,consumption_Здоровье shows high volatility (std=49.19) compared to median (8.43). Range: 505.00 to 1947.00
328,Момский,Республика Саха (Якутия),consumption_Общественное питание,63.67,12.62,404.57,70.0,consumption_Общественное питание shows high volatility (std=63.67) compared to median (12.62). Range: 482.00 to 2868.00
344,Эвено-Бытантайский,Республика Саха (Якутия),consumption_Транспорт,46.53,7.73,501.61,70.0,consumption_Транспорт shows high volatility (std=46.53) compared to median (7.73). Range: 155.00 to 678.00
1022,Камышинский,Волгоградская область,consumption_Маркетплейсы,72.31,12.19,493.19,70.0,consumption_Маркетплейсы shows high volatility (std=72.31) compared to median (12.19). Range: 2110.00 to 5979.00
1772,Куньинский,Псковская область,consumption_Общественное питание,67.4,12.62,434.15,70.0,consumption_Общественное питание shows high volatility (std=67.40) compared to median (12.62). Range: 111.00 to 185.00
997,Ковровский,Владимирская область,consumption_Маркетплейсы,84.37,12.19,592.16,70.0,consumption_Маркетплейсы shows high volatility (std=84.37) compared to median (12.19). Range: 1977.00 to 6677.00
618,Карагинский,Камчатский край,consumption_Транспорт,39.44,7.73,409.94,70.0,consumption_Транспорт shows high volatility (std=39.44) compared to median (7.73). Range: 386.00 to 1820.00
2067,Хиславичский,Смоленская область,consumption_Общественное питание,274.0,454.0,-39.65,60.0,consumption_Общественное питание trend reversed from positive to negative: current change -39.6%
1923,Воскресенский,Саратовская область,consumption_Маркетплейсы,2670.0,5227.0,-48.92,60.0,consumption_Маркетплейсы trend reversed from positive to negative: current change -48.9%
340,Усть-Майский,Республика Саха (Якутия),consumption_Маркетплейсы,2425.0,1494.0,62.32,60.0,consumption_Маркетплейсы trend reversed from negative to positive: current change 62.3%
1274,Кильмезский,Кировская область,consumption_Общественное питание,215.0,308.0,-30.19,60.0,consumption_Общественное питание trend reversed from positive to negative: current change -30.2%
552,Смоленский,Алтайский край,consumption_Общественное питание,312.0,196.0,59.18,60.0,consumption_Общественное питание trend reversed from negative to positive: current change 59.2%
87,Баунтовский,Республика Бурятия,consumption_Общественное питание,359.0,703.0,-48.93,60.0,consumption_Общественное питание trend reversed from positive to negative: current change -48.9%
100,Окинский,Республика Бурятия,consumption_Общественное питание,662.0,1427.0,-53.61,60.0,consumption_Общественное питание trend reversed from positive to negative: current change -53.6%
232,Койгородский,Республика Коми,consumption_Общественное питание,347.0,226.0,53.54,60.0,consumption_Общественное питание trend reversed from negative to positive: current change 53.5%
1002,Селивановский,Владимирская область,consumption_Общественное питание,273.0,413.0,-33.9,60.0,consumption_Общественное питание trend reversed from positive to negative: current change -33.9%
1749,Лопатинский,Пензенская область,consumption_Общественное питание,120.0,82.0,46.34,60.0,consumption_Общественное питание trend reversed from negative to positive: current change 46.3%
1664,Шербакульский,Омская область,consumption_Общественное питание,153.0,95.0,61.05,60.0,consumption_Общественное питание trend reversed from negative to positive: current change 61.1%
1984,Пелым,Свердловская область,consumption_Общественное питание,536.0,311.0,72.35,60.0,consumption_Общественное питание trend reversed from negative to positive: current change 72.3%
365,Атнинский,Республика Татарстан,consumption_Общественное питание,265.0,505.0,-47.52,60.0,consumption_Общественное питание trend reversed from positive to negative: current change -47.5%
186,Октябрьский,Республика Калмыкия,consumption_Транспорт,1022.0,1665.0,-38.62,60.0,consumption_Транспорт trend reversed from positive to negative: current change -38.6%
