﻿territory_id,municipal_name,region_name,anomaly_count,avg_severity
113,Кизилюрт,Республика Дагестан,61,65.42655737704918
353,Пригородный,Республика Северная Осетия — Алания,58,62.50051724137931
352,Правобережный,Республика Северная Осетия — Алания,54,64.9074074074074
1011,Урюпинск,Волгоградская область,47,52.42553191489362
1109,Кинешма,Ивановская область,47,60.18106382978724
345,Владикавказ,Республика Северная Осетия — Алания,46,62.26826086956522
1009,Камышин,Волгоградская область,46,53.63478260869565
111,Избербаш,Республика Дагестан,45,62.86311111111112
160,Назрань,Республика Ингушетия,45,65.54333333333332
512,Яровое,Алтайский край,44,61.59045454545455
1315,Костромской,Костромская область,44,62.52045454545455
168,Баксан,Кабардино-Балкарская Республика,41,63.41463414634146
3013,Солнечногорск,Московская область,40,64.2145
107,Махачкала,Республика Дагестан,39,72.83205128205128
114,Кизляр,Республика Дагестан,39,61.97871794871795
108,Буйнакск,Республика Дагестан,36,64.5025
461,Грозный,Чеченская Республика,36,76.05083333333333
1709,Мценск,Орловская область,35,57.7
3009,Тамбов,Тамбовская область,33,92.12121212121212
462,Аргун,Чеченская Республика,32,70.3271875
