﻿territory_id,municipal_name,region_name,indicator,anomaly_type,actual_value,expected_value,deviation_pct,severity_score,description
322,Жиганский,Республика Саха (Якутия),consumption_Здоровье,temporal_anomaly,103.06,8.43,1121.96,100.0,consumption_Здоровье shows high volatility (std=103.06) compared to median (8.43). Range: 163.00 to 1633.00
1850,Захаровский,Рязанская область,consumption_Общественное питание,temporal_anomaly,309.0,45.0,586.67,100.0,consumption_Общественное питание increased by 586.7% from 45.00 to 309.00
1716,Знаменский,Орловская область,consumption_Общественное питание,temporal_anomaly,167.66,12.62,1228.79,100.0,consumption_Общественное питание shows high volatility (std=167.66) compared to median (12.62). Range: 90.00 to 266.00
788,Дальнереченский,Приморский край,consumption_Общественное питание,temporal_anomaly,1323.0,219.0,504.11,100.0,consumption_Общественное питание increased by 504.1% from 219.00 to 1323.00
344,Эвено-Бытантайский,Республика Саха (Якутия),consumption_Маркетплейсы,temporal_anomaly,151.37,12.19,1141.85,100.0,consumption_Маркетплейсы shows high volatility (std=151.37) compared to median (12.19). Range: 425.00 to 2274.00
1720,Корсаковский,Орловская область,consumption_Общественное питание,temporal_anomaly,158.07,12.62,1152.78,100.0,consumption_Общественное питание shows high volatility (std=158.07) compared to median (12.62). Range: 59.00 to 257.00
2512,Бабушкинский,Москва,salary_Водоснабжение,statistical_outlier,723018.75,10.54,6858818.19,100.0,salary_Водоснабжение value 723018.75 deviates 6.75 standard deviations from mean 10.54
2462,Богородское,Москва,salary_Спорт и досуг,statistical_outlier,542930.05,10.78,5034530.73,100.0,salary_Спорт и досуг value 542930.05 deviates 6.09 standard deviations from mean 10.78
2444,Чкаловское,Санкт-Петербург,salary_Спорт и досуг,statistical_outlier,686446.49,10.78,6365369.33,100.0,salary_Спорт и досуг value 686446.49 deviates 6.68 standard deviations from mean 10.78
2477,Преображенское,Москва,salary_Спорт и досуг,statistical_outlier,367562.52,10.78,3408334.63,100.0,salary_Спорт и досуг value 367562.53 deviates 5.11 standard deviations from mean 10.78
1713,Дмитровский,Орловская область,salary_Обрабатывающие производства,statistical_outlier,800.0,11.0,7174.99,100.0,salary_Обрабатывающие производства value 800.00 deviates 7.50 standard deviations from mean 11.00
2494,Аэропорт,Москва,salary_Спорт и досуг,statistical_outlier,570130.95,10.78,5286766.7,100.0,salary_Спорт и досуг value 570130.95 deviates 6.21 standard deviations from mean 10.78
2515,Лианозово,Москва,salary_Административная деятельность,statistical_outlier,3095.2,10.65,28956.6,100.0,salary_Административная деятельность value 3095.20 deviates 5.11 standard deviations from mean 10.65
2551,Марьино,Москва,salary_Административная деятельность,statistical_outlier,1049450.37,10.65,9851752.85,100.0,salary_Административная деятельность value 1049450.37 deviates 6.28 standard deviations from mean 10.65
1963,Поронайский,Сахалинская область,salary_Сельское хозяйство,statistical_outlier,873621.23,10.78,8103729.49,100.0,salary_Сельское хозяйство value 873621.23 deviates 6.15 standard deviations from mean 10.78
2602,Первомайское,Москва,salary_Здравоохранение,statistical_outlier,15000000.0,10.83,138442883.8,100.0,salary_Здравоохранение value 15000000.00 deviates 13.14 standard deviations from mean 10.83
2556,Текстильщики,Москва,salary_Гостиницы и общепит,statistical_outlier,552446.18,10.61,5206993.65,100.0,salary_Гостиницы и общепит value 552446.18 deviates 5.65 standard deviations from mean 10.61
2310,Пластовский,Челябинская область,salary_Научная и проф. деятельность,statistical_outlier,1410387.8,10.9,12936339.31,100.0,salary_Научная и проф. деятельность value 1410387.80 deviates 5.28 standard deviations from mean 10.90
2455,Балканский,Санкт-Петербург,salary_Научная и проф. деятельность,statistical_outlier,4720429.86,10.9,43296895.59,100.0,salary_Научная и проф. деятельность value 4720429.86 deviates 7.24 standard deviations from mean 10.90
2564,Обручевский,Москва,salary_Образование,statistical_outlier,187899.05,52820.22,255.73,100.0,salary_Образование value 187899.05 deviates 5.28 standard deviations from mean 52820.22
2601,Новофедоровское,Москва,salary_Образование,statistical_outlier,187944.62,52820.22,255.82,100.0,salary_Образование value 187944.62 deviates 5.29 standard deviations from mean 52820.22
1721,Ливенский,Орловская область,salary_Операции с недвижимостью,statistical_outlier,906071.4,10.65,8507753.72,100.0,salary_Операции с недвижимостью value 906071.40 deviates 5.74 standard deviations from mean 10.65
1250,Таштагольский,Кемеровская область,salary_Сельское хозяйство,statistical_outlier,820193.92,10.78,7608130.58,100.0,salary_Сельское хозяйство value 820193.93 deviates 6.01 standard deviations from mean 10.78
2371,Лахта-Ольгино,Санкт-Петербург,salary_Торговля,statistical_outlier,667020.07,10.89,6126486.09,100.0,salary_Торговля value 667020.07 deviates 5.75 standard deviations from mean 10.89
2544,Хамовники,Москва,salary_Услуги ЖКХ,statistical_outlier,520066.34,10.94,4754460.58,100.0,salary_Услуги ЖКХ value 520066.34 deviates 5.12 standard deviations from mean 10.94
2007,Дегтярск,Свердловская область,salary_Услуги ЖКХ,statistical_outlier,649995.75,10.94,5942303.78,100.0,salary_Услуги ЖКХ value 649995.75 deviates 5.63 standard deviations from mean 10.94
2574,Донской,Москва,salary_Водоснабжение,statistical_outlier,544278.72,10.54,5163200.74,100.0,salary_Водоснабжение value 544278.72 deviates 6.10 standard deviations from mean 10.54
2402,Ржевка,Санкт-Петербург,salary_Транспортировка и хранение,statistical_outlier,787264.0,11.0,7159646.35,100.0,salary_Транспортировка и хранение value 787264.00 deviates 5.06 standard deviations from mean 11.00
2370,Лисий Нос,Санкт-Петербург,salary_Строительство,statistical_outlier,3395.9,11.15,30345.47,100.0,salary_Строительство value 3395.90 deviates 5.85 standard deviations from mean 11.15
2353,Адмиралтейский,Санкт-Петербург,salary_Торговля,statistical_outlier,748635.24,10.89,6876122.17,100.0,salary_Торговля value 748635.24 deviates 6.01 standard deviations from mean 10.89
2360,Морской,Санкт-Петербург,salary_Торговля,statistical_outlier,696849.8,10.89,6400472.41,100.0,salary_Торговля value 696849.80 deviates 5.85 standard deviations from mean 10.89
2485,Проспект Вернадского,Москва,salary_Торговля,statistical_outlier,777885.34,10.89,7144784.64,100.0,salary_Торговля value 777885.34 deviates 6.10 standard deviations from mean 10.89
2482,Можайский,Москва,salary_Сельское хозяйство,statistical_outlier,691522.2,10.78,6414554.13,100.0,salary_Сельское хозяйство value 691522.20 deviates 5.65 standard deviations from mean 10.78
1957,Корсаковский,Сахалинская область,salary_Сельское хозяйство,statistical_outlier,521872.85,10.78,4840863.65,100.0,salary_Сельское хозяйство value 521872.85 deviates 5.06 standard deviations from mean 10.78
2575,Зябликово,Москва,salary_Торговля,statistical_outlier,609992.19,10.89,5602684.37,100.0,salary_Торговля value 609992.19 deviates 5.55 standard deviations from mean 10.89
1483,Черноголовка,Московская область,salary_Финансы и страхование,statistical_outlier,931153.48,11.04,8431181.09,100.0,salary_Финансы и страхование value 931153.47 deviates 5.17 standard deviations from mean 11.04
2478,Внуково,Москва,salary_Финансы и страхование,statistical_outlier,2988356.83,11.04,27058464.6,100.0,salary_Финансы и страхование value 2988356.83 deviates 7.41 standard deviations from mean 11.04
2550,Люблино,Москва,salary_Финансы и страхование,statistical_outlier,1436686.99,11.04,13008616.77,100.0,salary_Финансы и страхование value 1436686.99 deviates 6.00 standard deviations from mean 11.04
2575,Зябликово,Москва,salary_Финансы и страхование,statistical_outlier,1515872.2,11.04,13725612.2,100.0,salary_Финансы и страхование value 1515872.20 deviates 6.11 standard deviations from mean 11.04
2436,Правобережный,Санкт-Петербург,salary_Спорт и досуг,statistical_outlier,463015.82,10.78,4293480.18,100.0,salary_Спорт и досуг value 463015.83 deviates 5.69 standard deviations from mean 10.78
1979,Верхняя Пышма,Свердловская область,salary_Сельское хозяйство,statistical_outlier,927953.7,10.78,8607724.93,100.0,salary_Сельское хозяйство value 927953.70 deviates 6.28 standard deviations from mean 10.78
2547,Капотня,Москва,salary_Спорт и досуг,statistical_outlier,4206.9,10.78,38910.9,100.0,salary_Спорт и досуг value 4206.90 deviates 6.14 standard deviations from mean 10.78
898,Верхнетоемский,Архангельская область,salary_Строительство,statistical_outlier,1610.5,11.15,14338.72,100.0,salary_Строительство value 1610.50 deviates 7.29 standard deviations from mean 11.15
2346,Провиденский,Чукотский автономный округ,consumption_Продовольствие,statistical_outlier,42409.0,14629.02,189.9,100.0,consumption_Продовольствие value 42409.00 deviates 7.06 standard deviations from mean 14629.02
2544,Хамовники,Москва,consumption_Здоровье,statistical_outlier,5703.0,1556.79,266.33,100.0,consumption_Здоровье value 5703.00 deviates 5.50 standard deviations from mean 1556.79
621,Тигильский,Камчатский край,consumption_Продовольствие,statistical_outlier,37432.0,14629.02,155.87,100.0,consumption_Продовольствие value 37432.00 deviates 5.80 standard deviations from mean 14629.02
618,Карагинский,Камчатский край,consumption_Продовольствие,statistical_outlier,35009.0,14629.02,139.31,100.0,consumption_Продовольствие value 35009.00 deviates 5.18 standard deviations from mean 14629.02
2345,Эгвекинот,Чукотский автономный округ,consumption_Продовольствие,statistical_outlier,36078.0,14629.02,146.62,100.0,consumption_Продовольствие value 36078.00 deviates 5.45 standard deviations from mean 14629.02
619,Олюторский,Камчатский край,consumption_Продовольствие,statistical_outlier,38399.0,14629.02,162.49,100.0,consumption_Продовольствие value 38399.00 deviates 6.04 standard deviations from mean 14629.02
2535,Арбат,Москва,consumption_Общественное питание,statistical_outlier,8565.0,1226.45,598.36,100.0,consumption_Общественное питание value 8565.00 deviates 5.49 standard deviations from mean 1226.45
