{
  "generated_at": "2025-11-07T03:22:02.881388",
  "total_anomalies": 14585,
  "territories_affected": 2041,
  "regions_affected": 77,
  "anomaly_types": {
    "logical_inconsistency": 7371,
    "geographic_anomaly": 3036,
    "temporal_anomaly": 2341,
    "statistical_outlier": 1837
  },
  "top_municipality": {
    "name": "Кизилюрт",
    "region": "Республика Дагестан",
    "anomaly_count": 61,
    "avg_severity": 65.42655737704918
  },
  "severity_distribution": {
    "critical (>90)": 3068,
    "high (75-90)": 667,
    "medium (50-75)": 7913,
    "low (<50)": 2937
  }
}