﻿territory_id,municipal_name,region_name,indicator,actual_value,expected_value,deviation_pct,severity_score
2333,Ростовский,Ярославская область,population_total,254826.0,52200.0,388.17,100.0
819,Минераловодский,Ставропольский край,salary_Образование,36062.56,40077.98,-10.02,100.0
843,Комсомольск-на-Амуре,Хабаровский край,salary_Научная и проф. деятельность,117926.88,65375.2,80.38,100.0
697,Иланский,Красноярский край,salary_Здравоохранение,51986.39,49611.35,4.79,100.0
873,Бурейский,Амурская область,salary_Образование,53606.64,47199.75,13.57,100.0
809,Ставрополь,Ставропольский край,salary_Гостиницы и общепит,66546.34,34906.84,90.64,100.0
807,Шкотовский,Приморский край,salary_ИТ и связь,45436.7,68434.13,-33.61,100.0
775,Владивостокский,Приморский край,salary_Прочие услуги,72413.9,99045.47,-26.89,100.0
809,Ставрополь,Ставропольский край,salary_Операции с недвижимостью,51686.14,33157.09,55.88,100.0
817,Кировский,Ставропольский край,salary_Сельское хозяйство,50321.34,26933.7,86.83,100.0
817,Кировский,Ставропольский край,salary_Торговля,41723.24,43556.85,-4.21,100.0
809,Ставрополь,Ставропольский край,salary_Спорт и досуг,44124.58,37142.15,18.8,100.0
2219,Мегион,Ханты-Мансийский автономный округ — Югра,salary_Прочие услуги,91331.28,55404.6,64.84,100.0
819,Минераловодский,Ставропольский край,salary_Финансы и страхование,125024.9,69751.34,79.24,100.0
820,Невинномысск,Ставропольский край,salary_Административная деятельность,49126.84,24017.05,104.55,100.0
820,Невинномысск,Ставропольский край,salary_ИТ и связь,47995.44,35770.51,34.18,100.0
820,Невинномысск,Ставропольский край,salary_Операции с недвижимостью,62531.93,33964.45,84.11,100.0
839,Труновский,Ставропольский край,salary_ИТ и связь,24003.65,48024.46,-50.02,100.0
839,Труновский,Ставропольский край,salary_Обрабатывающие производства,40274.32,59630.16,-32.46,100.0
873,Бурейский,Амурская область,salary_Административная деятельность,61026.56,36331.4,67.97,100.0
873,Бурейский,Амурская область,salary_Все отрасли,77110.01,62174.68,24.02,100.0
873,Бурейский,Амурская область,salary_Научная и проф. деятельность,82962.54,47657.86,74.08,100.0
2089,Первомайский,Тамбовская область,salary_Финансы и страхование,141970.66,46738.64,203.75,100.0
748,Краснокамский,Пермский край,salary_Строительство,92366.82,79156.1,16.69,100.0
666,Красноярск,Красноярский край,salary_Услуги ЖКХ,102400.91,58402.98,75.34,100.0
669,Бородино,Красноярский край,salary_Все отрасли,69681.85,64314.23,8.35,100.0
767,Чусовской,Пермский край,salary_Сельское хозяйство,50449.24,31467.11,60.32,100.0
843,Комсомольск-на-Амуре,Хабаровский край,salary_Гос. управление и военн. безопасность,66942.79,78141.18,-14.33,100.0
843,Комсомольск-на-Амуре,Хабаровский край,salary_Здравоохранение,70428.16,62159.61,13.3,100.0
843,Комсомольск-на-Амуре,Хабаровский край,salary_ИТ и связь,65659.62,46210.18,42.09,100.0
843,Комсомольск-на-Амуре,Хабаровский край,salary_Обрабатывающие производства,108206.48,87795.3,23.25,100.0
749,Куединский,Пермский край,salary_Торговля,43726.14,39049.74,11.98,100.0
843,Комсомольск-на-Амуре,Хабаровский край,salary_Водоснабжение,60395.02,39799.05,51.75,100.0
749,Куединский,Пермский край,salary_Административная деятельность,34447.2,28699.5,20.03,100.0
669,Бородино,Красноярский край,salary_Гос. управление и военн. безопасность,75133.11,64272.81,16.9,100.0
668,Боготол,Красноярский край,salary_Все отрасли,68095.61,53153.61,28.11,100.0
748,Краснокамский,Пермский край,salary_Сельское хозяйство,155515.28,61103.88,154.51,100.0
668,Боготол,Красноярский край,salary_Здравоохранение,51239.18,42579.38,20.34,100.0
668,Боготол,Красноярский край,salary_ИТ и связь,64089.56,39585.57,61.9,100.0
668,Боготол,Красноярский край,salary_Торговля,49446.46,44208.24,11.85,100.0
668,Боготол,Красноярский край,salary_Финансы и страхование,54108.7,44441.68,21.75,100.0
709,Назаровский,Красноярский край,salary_Финансы и страхование,39308.65,66363.39,-40.77,100.0
502,Яльчикский,Чувашская Республика,salary_Транспортировка и хранение,21821.95,20721.15,5.31,100.0
746,Кишертский,Пермский край,salary_Научная и проф. деятельность,68225.73,38213.2,78.54,100.0
668,Боготол,Красноярский край,salary_Водоснабжение,43916.85,30203.32,45.4,100.0
746,Кишертский,Пермский край,salary_Услуги ЖКХ,28670.53,59149.72,-51.53,100.0
824,Пятигорск,Ставропольский край,salary_Образование,45236.06,39927.04,13.3,100.0
872,Благовещенский,Амурская область,salary_Услуги ЖКХ,24599.52,77887.63,-68.42,100.0
843,Комсомольск-на-Амуре,Хабаровский край,salary_Сельское хозяйство,72126.27,60225.96,19.76,100.0
814,Изобильненский,Ставропольский край,salary_Финансы и страхование,56097.47,66301.85,-15.39,100.0
666,Красноярск,Красноярский край,salary_Финансы и страхование,109951.19,67626.78,62.59,100.0
666,Красноярск,Красноярский край,salary_Гос. управление и военн. безопасность,90565.24,67215.26,34.74,100.0
666,Красноярск,Красноярский край,salary_Здравоохранение,76853.09,56083.52,37.03,100.0
666,Красноярск,Красноярский край,salary_Научная и проф. деятельность,135304.83,59765.56,126.39,100.0
666,Красноярск,Красноярский край,salary_Образование,65323.99,55981.37,16.69,100.0
667,Ачинск,Красноярский край,salary_Водоснабжение,54065.31,31783.58,70.1,100.0
666,Красноярск,Красноярский край,salary_Добыча полезных ископаемых,181725.3,79211.37,129.42,100.0
807,Шкотовский,Приморский край,salary_Операции с недвижимостью,47189.08,62745.54,-24.79,100.0
805,Черниговский,Приморский край,salary_Научная и проф. деятельность,64294.54,53439.45,20.31,100.0
839,Труновский,Ставропольский край,salary_Торговля,41968.89,60972.04,-31.17,100.0
832,Кочубеевский,Ставропольский край,salary_Образование,38128.52,29254.9,30.33,100.0
777,Артемовский,Приморский край,salary_Прочие услуги,56888.72,98586.64,-42.3,100.0
777,Артемовский,Приморский край,salary_Сельское хозяйство,69209.59,185377.67,-62.67,100.0
794,Надеждинский,Приморский край,salary_Строительство,75001.4,115996.96,-35.34,100.0
805,Черниговский,Приморский край,salary_Административная деятельность,53863.04,49821.74,8.11,100.0
805,Черниговский,Приморский край,salary_Образование,54038.0,57387.0,-5.84,100.0
667,Ачинск,Красноярский край,salary_Научная и проф. деятельность,87539.55,46058.8,90.06,100.0
805,Черниговский,Приморский край,salary_Торговля,47402.76,55562.49,-14.69,100.0
775,Владивостокский,Приморский край,salary_Финансы и страхование,146065.22,94305.59,54.89,100.0
807,Шкотовский,Приморский край,salary_Гос. управление и военн. безопасность,60590.15,73088.98,-17.1,100.0
612,Елизовский,Камчатский край,salary_Все отрасли,157972.83,172405.89,-8.37,100.0
668,Боготол,Красноярский край,salary_Транспортировка и хранение,79259.15,41746.88,89.86,100.0
612,Елизовский,Камчатский край,salary_Сельское хозяйство,102284.41,197068.56,-48.1,100.0
749,Куединский,Пермский край,salary_Финансы и страхование,44024.51,51259.7,-14.11,100.0
809,Ставрополь,Ставропольский край,salary_Водоснабжение,53547.3,27371.78,95.63,100.0
809,Ставрополь,Ставропольский край,salary_Сельское хозяйство,68821.32,51257.99,34.26,100.0
608,Петропавловск-Камчатский,Камчатский край,salary_Обрабатывающие производства,226127.65,96002.02,135.54,100.0
749,Куединский,Пермский край,salary_Строительство,127417.12,97491.49,30.7,100.0
749,Куединский,Пермский край,salary_Транспортировка и хранение,38162.32,61761.14,-38.21,100.0
2072,Кирсанов,Тамбовская область,salary_Обрабатывающие производства,64532.11,33163.43,94.59,100.0
2072,Кирсанов,Тамбовская область,salary_Гос. управление и военн. безопасность,53789.21,44505.66,20.86,100.0
2353,Адмиралтейский,Санкт-Петербург,salary_Строительство,328258.72,112300.02,192.31,100.0
2353,Адмиралтейский,Санкт-Петербург,salary_Торговля,748635.24,93821.4,697.94,100.0
2359,Гавань,Санкт-Петербург,salary_Обрабатывающие производства,305703.55,106719.39,186.46,100.0
2360,Морской,Санкт-Петербург,salary_Торговля,696849.8,99013.99,603.79,100.0
2337,Ярославский,Ярославская область,salary_Сельское хозяйство,58202.19,45189.52,28.8,100.0
2085,Мордовский,Тамбовская область,salary_Образование,32674.51,39711.32,-17.72,100.0
2351,Коломна,Санкт-Петербург,salary_Образование,113061.41,77869.27,45.19,100.0
2072,Кирсанов,Тамбовская область,salary_Сельское хозяйство,29675.3,62387.05,-52.43,100.0
2073,Котовск,Тамбовская область,salary_Все отрасли,50909.91,43219.86,17.79,100.0
2070,Ярцевский,Смоленская область,salary_Услуги ЖКХ,43446.59,46853.49,-7.27,100.0
2072,Кирсанов,Тамбовская область,salary_ИТ и связь,33567.95,24229.91,38.54,100.0
612,Елизовский,Камчатский край,salary_Административная деятельность,74571.79,120069.29,-37.89,100.0
709,Назаровский,Красноярский край,salary_Гос. управление и военн. безопасность,39971.9,73462.17,-45.59,100.0
688,Боготольский,Красноярский край,salary_Транспортировка и хранение,114940.15,41746.88,175.33,100.0
700,Канский,Красноярский край,salary_Торговля,40273.85,49697.21,-18.96,100.0
535,Кулундинский,Алтайский край,salary_ИТ и связь,62664.38,27632.95,126.77,100.0
439,Можгинский,Удмуртская Республика,salary_Водоснабжение,28312.5,35734.48,-20.77,100.0
504,Барнаул,Алтайский край,salary_Водоснабжение,55792.65,36373.86,53.39,100.0
511,Славгород,Алтайский край,salary_Обрабатывающие производства,28148.88,45915.42,-38.69,100.0
